[
  {
    "id": 1,
    "title": "Web Developer",
    "time": "Now",
    "location": "Addisababa",
    "pertemp": "permanent",
    "money": "45.000",
    "description": "Lorem ipsum dolor sit amet consectetur, adipisicing elit.Voluptatem pariatur beatae incidunt voluptatum"
  },
  {
    "id": 2,
    "title": "Devops engineer",
    "time": "Now",
    "location": "Adama",
    "pertemp": "permanent",
    "money": "90000",
    "description": "Lorem ipsum dolor sit amet consectetur, adipisicing elit.Voluptatem pariatur beatae incidunt voluptatum"
  },
  {
    "id": 3,
    "title": "Backend developer",
    "time": "Now",
    "location": "Addisababa",
    "pertemp": "permanent",
    "money": "304582",
    "description": "Lorem ipsum dolor sit amet consectetur, adipisicing elit.Voluptatem pariatur beatae incidunt voluptatum"
  },
  {
    "id": 4,
    "title": "frontend Developer",
    "time": "Now",
    "location": "Adama",
    "pertemp": "permanent",
    "money": "90324",
    "description": "Lorem ipsum dolor sit amet consectetur, adipisicing elit.Voluptatem pariatur beatae incidunt voluptatum"
  },
  {
    "id": 5,
    "title": "flutter developer",
    "time": "Now",
    "location": "Adama",
    "pertemp": "permanent",
    "money": "125.000",
    "description": "Lorem ipsum dolor sit amet consectetur, adipisicing elit.Voluptatem pariatur beatae incidunt voluptatum"
  },
  {
    "id": 6,
    "title": "UI/UX",
    "time": "Now",
    "location": "Addisababa",
    "pertemp": "permanent",
    "money": "45.000",
    "description": "Lorem ipsum dolor sit amet consectetur, adipisicing elit.Voluptatem pariatur beatae incidunt voluptatum"
  },
  {
    "id": 7,
    "title": "LINUX",
    "time": "Now",
    "location": "Addisababa",
    "pertemp": "permanent",
    "money": "45.000",
    "description": "Lorem ipsum dolor sit amet consectetur, adipisicing elit.Voluptatem pariatur beatae incidunt voluptatum"
  },
  {
    "id": 8,
    "title": "UI/UX",
    "time": "Now",
    "location": "Addisababa",
    "pertemp": "permanent",
    "money": "45.000",
    "description": "Lorem ipsum dolor sit amet consectetur, adipisicing elit.Voluptatem pariatur beatae incidunt voluptatum"
  },
  {
    "id": 9,
    "title": "Sales-Force",
    "time": "Now",
    "location": "Addisababa",
    "pertemp": "permanent",
    "money": "45.000",
    "description": "Lorem ipsum dolor sit amet consectetur, adipisicing elit.Voluptatem pariatur beatae incidunt voluptatum"
  },
  {
    "id": 10,
    "title": "Data-Analyst",
    "time": "Now",
    "location": "Addisababa",
    "pertemp": "permanent",
    "money": "45.000",
    "description": "Lorem ipsum dolor sit amet consectetur, adipisicing elit.Voluptatem pariatur beatae incidunt voluptatum"
  },
  {
    "id": 11,
    "title": "Graphics-Designer",
    "time": "Now",
    "location": "Addisababa",
    "pertemp": "permanent",
    "money": "45.000",
    "description": "Lorem ipsum dolor sit amet consectetur, adipisicing elit.Voluptatem pariatur beatae incidunt voluptatum"
  }
]
