{
  "jobs": [
    {
      "id": "738a",
      "jobtitle": "klsdadfk",
      "time": "sfma;l",
      "location": "a;lfs",
      "pertemp": "amsf",
      "money": ";lasmf",
      "desc": "alsmf"
    },
    {
      "id": "9de7",
      "jobtitle": "vx",
      "time": "xc",
      "location": "xc",
      "pertemp": "xc",
      "money": "xc",
      "desc": "xc"
    },
    {
      "id": "9b1d",
      "jobtitle": "klsdadfk",
      "time": "0",
      "location": "",
      "pertemp": "",
      "money": "",
      "desc": ""
    }
  ]
}